X,Y,ASCII,Foreground,Background
0,0,0,#000066,#000040
1,0,0,#000066,#000040
2,0,0,#000066,#000040
3,0,0,#000066,#000040
4,0,0,#000066,#000040
5,0,0,#000066,#000040
6,0,0,#000066,#000040
7,0,0,#000066,#000040
8,0,0,#000066,#000040
9,0,0,#000066,#000040
10,0,0,#000066,#000040
11,0,0,#000066,#000040
12,0,0,#000066,#000040
13,0,0,#000066,#000040
14,0,0,#000066,#000040
15,0,0,#000066,#000040
16,0,0,#000066,#000040
17,0,0,#000066,#000040
18,0,0,#000066,#000040
19,0,0,#000066,#000040
20,0,0,#000066,#000040
21,0,0,#000066,#000040
22,0,0,#000066,#000040
23,0,0,#000066,#000040
24,0,0,#000066,#000040
25,0,0,#000066,#000040
26,0,0,#000066,#000040
27,0,0,#000066,#000040
28,0,0,#000066,#000040
29,0,0,#000066,#000040
30,0,0,#000066,#000040
31,0,0,#000066,#000040
32,0,0,#000066,#000040
33,0,0,#000066,#000040
34,0,0,#000066,#000040
35,0,0,#000066,#000040
36,0,0,#000066,#000040
37,0,0,#000066,#000040
38,0,32,#666666,#000040
39,0,250,#666666,#000040
0,1,0,#000066,#000040
1,1,0,#000066,#000040
2,1,0,#000066,#000040
3,1,0,#000066,#000040
4,1,0,#000066,#000040
5,1,0,#000066,#000040
6,1,0,#000066,#000040
7,1,0,#000066,#000040
8,1,0,#000066,#000040
9,1,0,#000066,#000040
10,1,0,#000066,#000040
11,1,0,#000066,#000040
12,1,0,#000066,#000040
13,1,0,#000066,#000040
14,1,0,#000066,#000040
15,1,0,#000066,#000040
16,1,0,#000066,#000040
17,1,0,#000066,#000040
18,1,0,#000066,#000040
19,1,0,#000066,#000040
20,1,0,#000066,#000040
21,1,0,#000066,#000040
22,1,0,#000066,#000040
23,1,0,#000066,#000040
24,1,0,#000066,#000040
25,1,0,#000066,#000040
26,1,0,#000066,#000040
27,1,0,#000066,#000040
28,1,0,#000066,#000040
29,1,0,#000066,#000040
30,1,0,#000066,#000040
31,1,0,#000066,#000040
32,1,0,#000066,#000040
33,1,0,#000066,#000040
34,1,0,#000066,#000040
35,1,0,#000066,#000040
36,1,0,#000066,#000040
37,1,0,#000066,#000040
38,1,0,#000066,#000040
39,1,0,#000066,#000040
0,2,0,#000066,#000040
1,2,0,#000066,#000040
2,2,0,#000066,#000040
3,2,0,#000066,#000040
4,2,0,#000066,#000040
5,2,0,#000066,#000040
6,2,7,#FFFFFF,#000040
7,2,0,#000066,#000040
8,2,0,#000066,#000040
9,2,0,#000066,#000040
10,2,0,#000066,#000040
11,2,0,#000066,#000040
12,2,0,#000066,#000040
13,2,250,#666666,#000040
14,2,0,#000066,#000040
15,2,0,#000066,#000040
16,2,0,#000066,#000040
17,2,0,#000066,#000040
18,2,0,#000066,#000040
19,2,0,#000066,#000040
20,2,0,#000066,#000040
21,2,0,#000066,#000040
22,2,0,#000066,#000040
23,2,0,#000066,#000040
24,2,0,#000066,#000040
25,2,0,#000066,#000040
26,2,0,#000066,#000040
27,2,0,#000066,#000040
28,2,0,#000066,#000040
29,2,0,#000066,#000040
30,2,0,#000066,#000040
31,2,0,#000066,#000040
32,2,0,#000066,#000040
33,2,0,#000066,#000040
34,2,0,#000066,#000040
35,2,0,#000066,#000040
36,2,0,#000066,#000040
37,2,0,#000066,#000040
38,2,0,#000066,#000040
39,2,0,#000066,#000040
0,3,0,#000066,#000040
1,3,0,#000066,#000040
2,3,0,#000066,#000040
3,3,0,#000066,#000040
4,3,0,#000066,#000040
5,3,0,#000066,#000040
6,3,0,#000066,#000040
7,3,0,#000066,#000040
8,3,0,#000066,#000040
9,3,250,#666666,#000040
10,3,0,#000066,#000040
11,3,0,#000066,#000040
12,3,0,#000066,#000040
13,3,0,#000066,#000040
14,3,0,#000066,#000040
15,3,0,#000066,#000040
16,3,0,#000066,#000040
17,3,0,#000066,#000040
18,3,0,#000066,#000040
19,3,0,#000066,#000040
20,3,250,#666666,#000040
21,3,250,#666666,#000040
22,3,0,#000066,#000040
23,3,0,#000066,#000040
24,3,0,#000066,#000040
25,3,0,#000066,#000040
26,3,0,#000066,#000040
27,3,0,#000066,#000040
28,3,0,#000066,#000040
29,3,0,#000066,#000040
30,3,0,#000066,#000040
31,3,0,#000066,#000040
32,3,0,#000066,#000040
33,3,0,#000066,#000040
34,3,0,#000066,#000040
35,3,0,#000066,#000040
36,3,0,#000066,#000040
37,3,250,#666666,#000040
38,3,0,#000066,#000040
39,3,0,#000066,#000040
0,4,0,#000066,#000040
1,4,0,#000066,#000040
2,4,0,#000066,#000040
3,4,0,#000066,#000040
4,4,0,#000066,#000040
5,4,0,#000066,#000040
6,4,0,#000066,#000040
7,4,0,#000066,#000040
8,4,0,#000066,#000040
9,4,0,#000066,#000040
10,4,0,#000066,#000040
11,4,0,#000066,#000040
12,4,0,#000066,#000040
13,4,0,#000066,#000040
14,4,0,#000066,#000040
15,4,0,#000066,#000040
16,4,0,#000066,#000040
17,4,0,#000066,#000040
18,4,0,#000066,#000040
19,4,0,#000066,#000040
20,4,0,#000066,#000040
21,4,0,#000066,#000040
22,4,0,#000066,#000040
23,4,0,#000066,#000040
24,4,0,#000066,#000040
25,4,0,#000066,#000040
26,4,0,#000066,#000040
27,4,0,#000066,#000040
28,4,0,#000066,#000040
29,4,0,#000066,#000040
30,4,0,#000066,#000040
31,4,0,#000066,#000040
32,4,0,#000066,#000040
33,4,0,#000066,#000040
34,4,0,#000066,#000040
35,4,0,#000066,#000040
36,4,0,#000066,#000040
37,4,0,#000066,#000040
38,4,0,#000066,#000040
39,4,0,#000066,#000040
0,5,0,#000066,#000040
1,5,0,#000066,#000040
2,5,0,#000066,#000040
3,5,0,#000066,#000040
4,5,0,#000066,#000040
5,5,0,#000066,#000040
6,5,0,#000066,#000040
7,5,0,#000066,#000040
8,5,0,#000066,#000040
9,5,0,#000066,#000040
10,5,0,#000066,#000040
11,5,0,#000066,#000040
12,5,0,#000066,#000040
13,5,0,#000066,#000040
14,5,0,#000066,#000040
15,5,0,#000066,#000040
16,5,0,#000066,#000040
17,5,0,#000066,#000040
18,5,0,#000066,#000040
19,5,0,#000066,#000040
20,5,0,#000066,#000040
21,5,0,#000066,#000040
22,5,0,#000066,#000040
23,5,0,#000066,#000040
24,5,0,#000066,#000040
25,5,0,#000066,#000040
26,5,0,#000066,#000040
27,5,0,#000066,#000040
28,5,0,#000066,#000040
29,5,0,#000066,#000040
30,5,0,#000066,#000040
31,5,0,#000066,#000040
32,5,0,#000066,#000040
33,5,0,#000066,#000040
34,5,0,#000066,#000040
35,5,0,#000066,#000040
36,5,0,#000066,#000040
37,5,0,#000066,#000040
38,5,0,#000066,#000040
39,5,0,#000066,#000040
0,6,0,#000066,#000040
1,6,0,#000066,#000040
2,6,0,#000066,#000040
3,6,0,#000066,#000040
4,6,0,#000066,#000040
5,6,0,#000066,#000040
6,6,0,#000066,#000040
7,6,0,#000066,#000040
8,6,0,#000066,#000040
9,6,0,#000066,#000040
10,6,0,#000066,#000040
11,6,0,#000066,#000040
12,6,0,#000066,#000040
13,6,0,#000066,#000040
14,6,250,#666666,#000040
15,6,0,#000066,#000040
16,6,0,#000066,#000040
17,6,0,#000066,#000040
18,6,0,#000066,#000040
19,6,250,#666666,#000040
20,6,250,#666666,#000040
21,6,0,#000066,#000040
22,6,0,#000066,#000040
23,6,0,#000066,#000040
24,6,0,#000066,#000040
25,6,250,#666666,#000040
26,6,0,#000066,#000040
27,6,0,#000066,#000040
28,6,0,#000066,#000040
29,6,0,#000066,#000040
30,6,0,#000066,#000040
31,6,0,#000066,#000040
32,6,0,#000066,#000040
33,6,0,#000066,#000040
34,6,0,#000066,#000040
35,6,0,#000066,#000040
36,6,0,#000066,#000040
37,6,0,#000066,#000040
38,6,0,#000066,#000040
39,6,250,#666666,#000040
0,7,0,#000066,#000040
1,7,250,#666666,#000040
2,7,0,#000066,#000040
3,7,0,#000066,#000040
4,7,0,#000066,#000040
5,7,0,#000066,#000040
6,7,0,#000066,#000040
7,7,0,#000066,#000040
8,7,0,#000066,#000040
9,7,0,#000066,#000040
10,7,0,#000066,#000040
11,7,0,#000066,#000040
12,7,0,#000066,#000040
13,7,0,#000066,#000040
14,7,7,#664D00,#000040
15,7,0,#000066,#000040
16,7,0,#000066,#000040
17,7,0,#000066,#000040
18,7,0,#000066,#000040
19,7,32,#666666,#000040
20,7,250,#666666,#000040
21,7,0,#000066,#000040
22,7,0,#000066,#000040
23,7,0,#000066,#000040
24,7,0,#000066,#000040
25,7,0,#000066,#000040
26,7,0,#000066,#000040
27,7,0,#000066,#000040
28,7,0,#000066,#000040
29,7,0,#000066,#000040
30,7,0,#000066,#000040
31,7,0,#000066,#000040
32,7,0,#000066,#000040
33,7,0,#000066,#000040
34,7,0,#000066,#000040
35,7,0,#000066,#000040
36,7,0,#000066,#000040
37,7,0,#000066,#000040
38,7,0,#000066,#000040
39,7,0,#000066,#000040
0,8,0,#000066,#000040
1,8,0,#000066,#000040
2,8,0,#000066,#000040
3,8,0,#000066,#000040
4,8,0,#000066,#000040
5,8,0,#000066,#000040
6,8,0,#000066,#000040
7,8,0,#000066,#000040
8,8,0,#000066,#000040
9,8,0,#000066,#000040
10,8,0,#000066,#000040
11,8,0,#000066,#000040
12,8,0,#000066,#000040
13,8,0,#000066,#000040
14,8,0,#000066,#000040
15,8,0,#000066,#000040
16,8,0,#000066,#000040
17,8,0,#000066,#000040
18,8,0,#000066,#000040
19,8,0,#000066,#000040
20,8,0,#000066,#000040
21,8,0,#000066,#000040
22,8,0,#000066,#000040
23,8,0,#000066,#000040
24,8,0,#000066,#000040
25,8,0,#000066,#000040
26,8,0,#000066,#000040
27,8,0,#000066,#000040
28,8,0,#000066,#000040
29,8,0,#000066,#000040
30,8,0,#000066,#000040
31,8,0,#000066,#000040
32,8,0,#000066,#000040
33,8,0,#000066,#000040
34,8,0,#000066,#000040
35,8,0,#000066,#000040
36,8,0,#000066,#000040
37,8,0,#000066,#000040
38,8,0,#000066,#000040
39,8,0,#000066,#000040
0,9,0,#000066,#000040
1,9,0,#000066,#000040
2,9,0,#000066,#000040
3,9,0,#000066,#000040
4,9,0,#000066,#000040
5,9,0,#000066,#000040
6,9,0,#000066,#000040
7,9,0,#000066,#000040
8,9,0,#000066,#000040
9,9,0,#000066,#000040
10,9,0,#000066,#000040
11,9,0,#000066,#000040
12,9,0,#000066,#000040
13,9,0,#000066,#000040
14,9,0,#000066,#000040
15,9,0,#000066,#000040
16,9,0,#000066,#000040
17,9,0,#000066,#000040
18,9,0,#000066,#000040
19,9,0,#000066,#000040
20,9,0,#000066,#000040
21,9,0,#000066,#000040
22,9,0,#000066,#000040
23,9,0,#000066,#000040
24,9,0,#000066,#000040
25,9,0,#000066,#000040
26,9,0,#000066,#000040
27,9,0,#000066,#000040
28,9,0,#000066,#000040
29,9,0,#000066,#000040
30,9,0,#000066,#000040
31,9,0,#000066,#000040
32,9,0,#000066,#000040
33,9,0,#000066,#000040
34,9,250,#666666,#000040
35,9,0,#000066,#000040
36,9,0,#000066,#000040
37,9,0,#000066,#000040
38,9,0,#000066,#000040
39,9,0,#000066,#000040
0,10,0,#000066,#000040
1,10,0,#000066,#000040
2,10,0,#000066,#000040
3,10,0,#000066,#000040
4,10,0,#000066,#000040
5,10,0,#000066,#000040
6,10,0,#000066,#000040
7,10,0,#000066,#000040
8,10,0,#000066,#000040
9,10,0,#000066,#000040
10,10,0,#000066,#000040
11,10,0,#000066,#000040
12,10,0,#000066,#000040
13,10,0,#000066,#000040
14,10,0,#000066,#000040
15,10,0,#000066,#000040
16,10,0,#000066,#000040
17,10,0,#000066,#000040
18,10,0,#000066,#000040
19,10,0,#000066,#000040
20,10,0,#000066,#000040
21,10,0,#000066,#000040
22,10,0,#000066,#000040
23,10,0,#000066,#000040
24,10,0,#000066,#000040
25,10,0,#000066,#000040
26,10,0,#000066,#000040
27,10,0,#000066,#000040
28,10,0,#000066,#000040
29,10,0,#000066,#000040
30,10,0,#000066,#000040
31,10,0,#000066,#000040
32,10,0,#000066,#000040
33,10,0,#000066,#000040
34,10,250,#666666,#000040
35,10,0,#000066,#000040
36,10,0,#000066,#000040
37,10,0,#000066,#000040
38,10,0,#000066,#000040
39,10,0,#000066,#000040
0,11,0,#000066,#000040
1,11,0,#000066,#000040
2,11,0,#000066,#000040
3,11,0,#000066,#000040
4,11,0,#000066,#000040
5,11,0,#000066,#000040
6,11,0,#000066,#000040
7,11,0,#000066,#000040
8,11,0,#000066,#000040
9,11,0,#000066,#000040
10,11,0,#000066,#000040
11,11,0,#000066,#000040
12,11,0,#000066,#000040
13,11,0,#000066,#000040
14,11,0,#000066,#000040
15,11,0,#000066,#000040
16,11,0,#000066,#000040
17,11,0,#000066,#000040
18,11,0,#000066,#000040
19,11,0,#000066,#000040
20,11,0,#000066,#000040
21,11,0,#000066,#000040
22,11,0,#000066,#000040
23,11,249,#BFBFBF,#000040
24,11,0,#000066,#000040
25,11,0,#000066,#000040
26,11,0,#000066,#000040
27,11,0,#000066,#000040
28,11,0,#000066,#000040
29,11,0,#000066,#000040
30,11,7,#666666,#000040
31,11,0,#000066,#000040
32,11,0,#000066,#000040
33,11,0,#000066,#000040
34,11,0,#000066,#000040
35,11,0,#000066,#000040
36,11,0,#000066,#000040
37,11,0,#000066,#000040
38,11,0,#000066,#000040
39,11,0,#000066,#000040
0,12,0,#000066,#000040
1,12,0,#000066,#000040
2,12,0,#000066,#000040
3,12,0,#000066,#000040
4,12,0,#000066,#000040
5,12,0,#000066,#000040
6,12,0,#000066,#000040
7,12,0,#000066,#000040
8,12,0,#000066,#000040
9,12,0,#000066,#000040
10,12,0,#000066,#000040
11,12,0,#000066,#000040
12,12,250,#666666,#000040
13,12,0,#000066,#000040
14,12,0,#000066,#000040
15,12,0,#000066,#000040
16,12,0,#000066,#000040
17,12,0,#000066,#000040
18,12,0,#000066,#000040
19,12,0,#000066,#000040
20,12,0,#000066,#000040
21,12,0,#000066,#000040
22,12,0,#000066,#000040
23,12,0,#000066,#000040
24,12,0,#000066,#000040
25,12,0,#000066,#000040
26,12,0,#000066,#000040
27,12,0,#000066,#000040
28,12,0,#000066,#000040
29,12,0,#000066,#000040
30,12,0,#000066,#000040
31,12,0,#000066,#000040
32,12,0,#000066,#000040
33,12,0,#000066,#000040
34,12,0,#000066,#000040
35,12,0,#000066,#000040
36,12,0,#000066,#000040
37,12,0,#000066,#000040
38,12,0,#000066,#000040
39,12,0,#000066,#000040
0,13,0,#000066,#000040
1,13,0,#000066,#000040
2,13,0,#000066,#000040
3,13,0,#000066,#000040
4,13,0,#000066,#000040
5,13,0,#000066,#000040
6,13,0,#000066,#000040
7,13,0,#000066,#000040
8,13,0,#000066,#000040
9,13,0,#000066,#000040
10,13,0,#000066,#000040
11,13,0,#000066,#000040
12,13,0,#000066,#000040
13,13,0,#000066,#000040
14,13,0,#000066,#000040
15,13,0,#000066,#000040
16,13,0,#000066,#000040
17,13,0,#000066,#000040
18,13,0,#000066,#000040
19,13,0,#000066,#000040
20,13,7,#666666,#000040
21,13,0,#000066,#000040
22,13,0,#000066,#000040
23,13,0,#000066,#000040
24,13,0,#000066,#000040
25,13,0,#000066,#000040
26,13,0,#000066,#000040
27,13,0,#000066,#000040
28,13,0,#000066,#000040
29,13,0,#000066,#000040
30,13,0,#000066,#000040
31,13,0,#000066,#000040
32,13,0,#000066,#000040
33,13,0,#000066,#000040
34,13,0,#000066,#000040
35,13,0,#000066,#000040
36,13,0,#000066,#000040
37,13,0,#000066,#000040
38,13,0,#000066,#000040
39,13,0,#000066,#000040
0,14,0,#000066,#000040
1,14,0,#000066,#000040
2,14,0,#000066,#000040
3,14,0,#000066,#000040
4,14,0,#000066,#000040
5,14,0,#000066,#000040
6,14,0,#000066,#000040
7,14,0,#000066,#000040
8,14,0,#000066,#000040
9,14,0,#000066,#000040
10,14,0,#000066,#000040
11,14,0,#000066,#000040
12,14,0,#000066,#000040
13,14,0,#000066,#000040
14,14,32,#004000,#000040
15,14,32,#004000,#000040
16,14,32,#004000,#000040
17,14,32,#004000,#000040
18,14,32,#004000,#000040
19,14,32,#004000,#000040
20,14,32,#004000,#000040
21,14,32,#004000,#000040
22,14,32,#004000,#000040
23,14,32,#004000,#000040
24,14,32,#004000,#000040
25,14,32,#004000,#000040
26,14,32,#004000,#000040
27,14,32,#004000,#000040
28,14,32,#004000,#000040
29,14,0,#000066,#000040
30,14,0,#000066,#000040
31,14,0,#000066,#000040
32,14,0,#000066,#000040
33,14,250,#666666,#000040
34,14,0,#000066,#000040
35,14,0,#000066,#000040
36,14,0,#000066,#000040
37,14,0,#000066,#000040
38,14,0,#000066,#000040
39,14,0,#000066,#000040
0,15,0,#000066,#000040
1,15,0,#000066,#000040
2,15,0,#000066,#000040
3,15,0,#000066,#000040
4,15,0,#000066,#000040
5,15,0,#000066,#000040
6,15,0,#000066,#000040
7,15,0,#000066,#000040
8,15,0,#000066,#000040
9,15,0,#000066,#000040
10,15,0,#000066,#000040
11,15,0,#000066,#000040
12,15,0,#000066,#000040
13,15,0,#000066,#000040
14,15,32,#004000,#000040
15,15,32,#004000,#000040
16,15,32,#004000,#000040
17,15,32,#004000,#000040
18,15,32,#004000,#000040
19,15,32,#004000,#000040
20,15,32,#004000,#000040
21,15,32,#004000,#000040
22,15,32,#004000,#000040
23,15,32,#004000,#000040
24,15,32,#004000,#000040
25,15,32,#004000,#000040
26,15,32,#004000,#000040
27,15,32,#004000,#000040
28,15,32,#004000,#000040
29,15,0,#000066,#000040
30,15,0,#000066,#000040
31,15,0,#000066,#000040
32,15,0,#000066,#000040
33,15,0,#000066,#000040
34,15,0,#000066,#000040
35,15,0,#000066,#000040
36,15,0,#000066,#000040
37,15,0,#000066,#000040
38,15,0,#000066,#000040
39,15,0,#000066,#000040
0,16,0,#000066,#000040
1,16,0,#000066,#000040
2,16,0,#000066,#000040
3,16,0,#000066,#000040
4,16,0,#000066,#000040
5,16,7,#666666,#000040
6,16,0,#000066,#000040
7,16,0,#000066,#000040
8,16,0,#000066,#000040
9,16,0,#000066,#000040
10,16,0,#000066,#000040
11,16,0,#000066,#000040
12,16,0,#000066,#000040
13,16,0,#000066,#000040
14,16,32,#004000,#000040
15,16,32,#004000,#000040
16,16,32,#004000,#000040
17,16,32,#004000,#000040
18,16,32,#004000,#000040
19,16,32,#004000,#000040
20,16,32,#004000,#000040
21,16,32,#004000,#000040
22,16,32,#004000,#000040
23,16,32,#004000,#000040
24,16,32,#004000,#000040
25,16,32,#004000,#000040
26,16,32,#004000,#000040
27,16,32,#004000,#000040
28,16,32,#004000,#000040
29,16,0,#000066,#000040
30,16,0,#000066,#000040
31,16,0,#000066,#000040
32,16,0,#000066,#000040
33,16,0,#000066,#000040
34,16,0,#000066,#000040
35,16,0,#000066,#000040
36,16,0,#000066,#000040
37,16,0,#000066,#000040
38,16,0,#000066,#000040
39,16,0,#000066,#000040
0,17,0,#000066,#000040
1,17,0,#000066,#000040
2,17,0,#000066,#000040
3,17,0,#000066,#000040
4,17,0,#000066,#000040
5,17,0,#000066,#000040
6,17,0,#000066,#000040
7,17,0,#000066,#000040
8,17,249,#BFBFBF,#000040
9,17,0,#000066,#000040
10,17,0,#000066,#000040
11,17,0,#000066,#000040
12,17,0,#000066,#000040
13,17,0,#000066,#000040
14,17,32,#004000,#000040
15,17,32,#004000,#000040
16,17,32,#004000,#000040
17,17,32,#004000,#000040
18,17,32,#004000,#000040
19,17,32,#004000,#000040
20,17,32,#004000,#000040
21,17,250,#666666,#000040
22,17,32,#004000,#000040
23,17,32,#004000,#000040
24,17,32,#004000,#000040
25,17,32,#004000,#000040
26,17,32,#004000,#000040
27,17,32,#004000,#000040
28,17,32,#004000,#000040
29,17,0,#000066,#000040
30,17,0,#000066,#000040
31,17,0,#000066,#000040
32,17,0,#000066,#000040
33,17,0,#000066,#000040
34,17,0,#000066,#000040
35,17,0,#000066,#000040
36,17,0,#000066,#000040
37,17,0,#000066,#000040
38,17,0,#000066,#000040
39,17,0,#000066,#000040
0,18,0,#000066,#000040
1,18,0,#000066,#000040
2,18,0,#000066,#000040
3,18,0,#000066,#000040
4,18,0,#000066,#000040
5,18,0,#000066,#000040
6,18,0,#000066,#000040
7,18,0,#000066,#000040
8,18,0,#000066,#000040
9,18,0,#000066,#000040
10,18,0,#000066,#000040
11,18,0,#000066,#000040
12,18,0,#000066,#000040
13,18,0,#000066,#000040
14,18,32,#004000,#000040
15,18,32,#004000,#000040
16,18,32,#004000,#000040
17,18,32,#004000,#000040
18,18,32,#004000,#000040
19,18,32,#004000,#000040
20,18,32,#004000,#000040
21,18,32,#004000,#000040
22,18,32,#004000,#000040
23,18,32,#004000,#000040
24,18,32,#004000,#000040
25,18,32,#004000,#000040
26,18,32,#004000,#000040
27,18,32,#004000,#000040
28,18,32,#004000,#000040
29,18,0,#000066,#000040
30,18,0,#000066,#000040
31,18,0,#000066,#000040
32,18,0,#000066,#000040
33,18,0,#000066,#000040
34,18,0,#000066,#000040
35,18,0,#000066,#000040
36,18,0,#000066,#000040
37,18,0,#000066,#000040
38,18,0,#000066,#000040
39,18,0,#000066,#000040
0,19,0,#000066,#000040
1,19,0,#000066,#000040
2,19,0,#000066,#000040
3,19,0,#000066,#000040
4,19,0,#000066,#000040
5,19,0,#000066,#000040
6,19,0,#000066,#000040
7,19,0,#000066,#000040
8,19,0,#000066,#000040
9,19,0,#000066,#000040
10,19,0,#000066,#000040
11,19,0,#000066,#000040
12,19,0,#000066,#000040
13,19,0,#000066,#000040
14,19,32,#004000,#000040
15,19,32,#004000,#000040
16,19,32,#004000,#000040
17,19,32,#004000,#000040
18,19,32,#004000,#000040
19,19,32,#004000,#000040
20,19,32,#004000,#000040
21,19,32,#004000,#000040
22,19,32,#004000,#000040
23,19,32,#004000,#000040
24,19,32,#004000,#000040
25,19,32,#004000,#000040
26,19,32,#004000,#000040
27,19,32,#004000,#000040
28,19,32,#004000,#000040
29,19,0,#000066,#000040
30,19,0,#000066,#000040
31,19,250,#666666,#000040
32,19,0,#000066,#000040
33,19,0,#000066,#000040
34,19,0,#000066,#000040
35,19,0,#000066,#000040
36,19,0,#000066,#000040
37,19,0,#000066,#000040
38,19,0,#000066,#000040
39,19,0,#000066,#000040
0,20,0,#000066,#000040
1,20,0,#000066,#000040
2,20,0,#000066,#000040
3,20,0,#000066,#000040
4,20,0,#000066,#000040
5,20,0,#000066,#000040
6,20,0,#000066,#000040
7,20,0,#000066,#000040
8,20,0,#000066,#000040
9,20,0,#000066,#000040
10,20,0,#000066,#000040
11,20,0,#000066,#000040
12,20,0,#000066,#000040
13,20,0,#000066,#000040
14,20,32,#004000,#000040
15,20,32,#004000,#000040
16,20,32,#004000,#000040
17,20,32,#004000,#000040
18,20,32,#004000,#000040
19,20,32,#004000,#000040
20,20,32,#004000,#000040
21,20,32,#004000,#000040
22,20,32,#004000,#000040
23,20,32,#004000,#000040
24,20,32,#004000,#000040
25,20,32,#004000,#000040
26,20,32,#004000,#000040
27,20,32,#004000,#000040
28,20,32,#004000,#000040
29,20,0,#000066,#000040
30,20,0,#000066,#000040
31,20,0,#000066,#000040
32,20,0,#000066,#000040
33,20,0,#000066,#000040
34,20,0,#000066,#000040
35,20,0,#000066,#000040
36,20,0,#000066,#000040
37,20,0,#000066,#000040
38,20,0,#000066,#000040
39,20,0,#000066,#000040
0,21,0,#000066,#000040
1,21,0,#000066,#000040
2,21,0,#000066,#000040
3,21,0,#000066,#000040
4,21,0,#000066,#000040
5,21,0,#000066,#000040
6,21,0,#000066,#000040
7,21,0,#000066,#000040
8,21,0,#000066,#000040
9,21,0,#000066,#000040
10,21,0,#000066,#000040
11,21,0,#000066,#000040
12,21,0,#000066,#000040
13,21,0,#000066,#000040
14,21,32,#004000,#000040
15,21,32,#004000,#000040
16,21,32,#004000,#000040
17,21,32,#004000,#000040
18,21,32,#004000,#000040
19,21,32,#004000,#000040
20,21,32,#004000,#000040
21,21,32,#004000,#000040
22,21,32,#004000,#000040
23,21,32,#004000,#000040
24,21,32,#004000,#000040
25,21,32,#004000,#000040
26,21,32,#004000,#000040
27,21,32,#004000,#000040
28,21,32,#004000,#000040
29,21,0,#000066,#000040
30,21,0,#000066,#000040
31,21,0,#000066,#000040
32,21,0,#000066,#000040
33,21,0,#000066,#000040
34,21,0,#000066,#000040
35,21,0,#000066,#000040
36,21,0,#000066,#000040
37,21,0,#000066,#000040
38,21,0,#000066,#000040
39,21,0,#000066,#000040
0,22,0,#000066,#000040
1,22,0,#000066,#000040
2,22,0,#000066,#000040
3,22,0,#000066,#000040
4,22,0,#000066,#000040
5,22,0,#000066,#000040
6,22,0,#000066,#000040
7,22,0,#000066,#000040
8,22,0,#000066,#000040
9,22,0,#000066,#000040
10,22,0,#000066,#000040
11,22,0,#000066,#000040
12,22,0,#000066,#000040
13,22,0,#000066,#000040
14,22,32,#004000,#000040
15,22,32,#004000,#000040
16,22,32,#004000,#000040
17,22,32,#004000,#000040
18,22,32,#004000,#000040
19,22,32,#004000,#000040
20,22,32,#004000,#000040
21,22,32,#004000,#000040
22,22,32,#004000,#000040
23,22,32,#004000,#000040
24,22,32,#004000,#000040
25,22,32,#004000,#000040
26,22,32,#004000,#000040
27,22,32,#004000,#000040
28,22,32,#004000,#000040
29,22,0,#000066,#000040
30,22,0,#000066,#000040
31,22,0,#000066,#000040
32,22,0,#000066,#000040
33,22,0,#000066,#000040
34,22,0,#000066,#000040
35,22,0,#000066,#000040
36,22,0,#000066,#000040
37,22,0,#000066,#000040
38,22,0,#000066,#000040
39,22,0,#000066,#000040
0,23,0,#000066,#000040
1,23,0,#000066,#000040
2,23,0,#000066,#000040
3,23,0,#000066,#000040
4,23,7,#FFFFFF,#000040
5,23,0,#000066,#000040
6,23,0,#000066,#000040
7,23,0,#000066,#000040
8,23,0,#000066,#000040
9,23,0,#000066,#000040
10,23,0,#000066,#000040
11,23,0,#000066,#000040
12,23,0,#000066,#000040
13,23,0,#000066,#000040
14,23,32,#004000,#000040
15,23,32,#004000,#000040
16,23,32,#004000,#000040
17,23,32,#004000,#000040
18,23,32,#004000,#000040
19,23,32,#004000,#000040
20,23,32,#004000,#000040
21,23,32,#004000,#000040
22,23,32,#004000,#000040
23,23,32,#004000,#000040
24,23,32,#004000,#000040
25,23,32,#004000,#000040
26,23,32,#004000,#000040
27,23,32,#004000,#000040
28,23,32,#004000,#000040
29,23,0,#000066,#000040
30,23,0,#000066,#000040
31,23,0,#000066,#000040
32,23,0,#000066,#000040
33,23,0,#000066,#000040
34,23,0,#000066,#000040
35,23,0,#000066,#000040
36,23,0,#000066,#000040
37,23,0,#000066,#000040
38,23,0,#000066,#000040
39,23,0,#000066,#000040
0,24,0,#000066,#000040
1,24,0,#000066,#000040
2,24,0,#000066,#000040
3,24,0,#000066,#000040
4,24,0,#000066,#000040
5,24,0,#000066,#000040
6,24,0,#000066,#000040
7,24,0,#000066,#000040
8,24,0,#000066,#000040
9,24,0,#000066,#000040
10,24,0,#000066,#000040
11,24,0,#000066,#000040
12,24,0,#000066,#000040
13,24,0,#000066,#000040
14,24,32,#004000,#000040
15,24,32,#004000,#000040
16,24,32,#004000,#000040
17,24,32,#004000,#000040
18,24,32,#004000,#000040
19,24,32,#004000,#000040
20,24,32,#004000,#000040
21,24,32,#004000,#000040
22,24,32,#004000,#000040
23,24,32,#004000,#000040
24,24,32,#004000,#000040
25,24,32,#004000,#000040
26,24,32,#004000,#000040
27,24,32,#004000,#000040
28,24,32,#004000,#000040
29,24,0,#000066,#000040
30,24,0,#000066,#000040
31,24,0,#000066,#000040
32,24,0,#000066,#000040
33,24,0,#000066,#000040
34,24,0,#000066,#000040
35,24,0,#000066,#000040
36,24,0,#000066,#000040
37,24,0,#000066,#000040
38,24,0,#000066,#000040
39,24,0,#000066,#000040
0,25,0,#000066,#000040
1,25,0,#000066,#000040
2,25,0,#000066,#000040
3,25,0,#000066,#000040
4,25,0,#000066,#000040
5,25,0,#000066,#000040
6,25,0,#000066,#000040
7,25,0,#000066,#000040
8,25,0,#000066,#000040
9,25,0,#000066,#000040
10,25,0,#000066,#000040
11,25,0,#000066,#000040
12,25,0,#000066,#000040
13,25,0,#000066,#000040
14,25,32,#004000,#000040
15,25,32,#004000,#000040
16,25,32,#004000,#000040
17,25,32,#004000,#000040
18,25,32,#004000,#000040
19,25,32,#004000,#000040
20,25,32,#004000,#000040
21,25,32,#004000,#000040
22,25,32,#004000,#000040
23,25,32,#004000,#000040
24,25,32,#004000,#000040
25,25,32,#004000,#000040
26,25,32,#004000,#000040
27,25,32,#004000,#000040
28,25,32,#004000,#000040
29,25,0,#000066,#000040
30,25,0,#000066,#000040
31,25,0,#000066,#000040
32,25,0,#000066,#000040
33,25,0,#000066,#000040
34,25,0,#000066,#000040
35,25,0,#000066,#000040
36,25,0,#000066,#000040
37,25,0,#000066,#000040
38,25,0,#000066,#000040
39,25,0,#000066,#000040
0,26,0,#000066,#000040
1,26,0,#000066,#000040
2,26,0,#000066,#000040
3,26,0,#000066,#000040
4,26,250,#666666,#000040
5,26,0,#000066,#000040
6,26,0,#000066,#000040
7,26,0,#000066,#000040
8,26,0,#000066,#000040
9,26,0,#000066,#000040
10,26,0,#000066,#000040
11,26,0,#000066,#000040
12,26,0,#000066,#000040
13,26,0,#000066,#000040
14,26,32,#004000,#000040
15,26,32,#004000,#000040
16,26,32,#004000,#000040
17,26,32,#004000,#000040
18,26,32,#004000,#000040
19,26,32,#004000,#000040
20,26,32,#004000,#000040
21,26,32,#004000,#000040
22,26,32,#004000,#000040
23,26,32,#004000,#000040
24,26,32,#004000,#000040
25,26,32,#004000,#000040
26,26,32,#004000,#000040
27,26,32,#004000,#000040
28,26,32,#004000,#000040
29,26,0,#000066,#000040
30,26,0,#000066,#000040
31,26,0,#000066,#000040
32,26,7,#666666,#000040
33,26,0,#000066,#000040
34,26,0,#000066,#000040
35,26,0,#000066,#000040
36,26,0,#000066,#000040
37,26,0,#000066,#000040
38,26,0,#000066,#000040
39,26,0,#000066,#000040
0,27,0,#000066,#000040
1,27,0,#000066,#000040
2,27,0,#000066,#000040
3,27,0,#000066,#000040
4,27,0,#000066,#000040
5,27,0,#000066,#000040
6,27,0,#000066,#000040
7,27,0,#000066,#000040
8,27,0,#000066,#000040
9,27,0,#000066,#000040
10,27,0,#000066,#000040
11,27,0,#000066,#000040
12,27,0,#000066,#000040
13,27,0,#000066,#000040
14,27,32,#004000,#000040
15,27,32,#004000,#000040
16,27,32,#004000,#000040
17,27,32,#004000,#000040
18,27,32,#004000,#000040
19,27,32,#004000,#000040
20,27,32,#004000,#000040
21,27,32,#004000,#000040
22,27,32,#004000,#000040
23,27,32,#004000,#000040
24,27,32,#004000,#000040
25,27,32,#004000,#000040
26,27,32,#004000,#000040
27,27,32,#004000,#000040
28,27,32,#004000,#000040
29,27,0,#000066,#000040
30,27,0,#000066,#000040
31,27,0,#000066,#000040
32,27,0,#000066,#000040
33,27,0,#000066,#000040
34,27,0,#000066,#000040
35,27,0,#000066,#000040
36,27,0,#000066,#000040
37,27,0,#000066,#000040
38,27,0,#000066,#000040
39,27,0,#000066,#000040
0,28,0,#000066,#000040
1,28,0,#000066,#000040
2,28,0,#000066,#000040
3,28,0,#000066,#000040
4,28,0,#000066,#000040
5,28,0,#000066,#000040
6,28,0,#000066,#000040
7,28,0,#000066,#000040
8,28,0,#000066,#000040
9,28,0,#000066,#000040
10,28,0,#000066,#000040
11,28,0,#000066,#000040
12,28,0,#000066,#000040
13,28,0,#000066,#000040
14,28,32,#004000,#000040
15,28,32,#004000,#000040
16,28,32,#004000,#000040
17,28,32,#004000,#000040
18,28,32,#004000,#000040
19,28,32,#004000,#000040
20,28,32,#004000,#000040
21,28,32,#004000,#000040
22,28,32,#004000,#000040
23,28,32,#004000,#000040
24,28,32,#004000,#000040
25,28,32,#004000,#000040
26,28,32,#004000,#000040
27,28,32,#004000,#000040
28,28,32,#004000,#000040
29,28,0,#000066,#000040
30,28,0,#000066,#000040
31,28,0,#000066,#000040
32,28,0,#000066,#000040
33,28,0,#000066,#000040
34,28,0,#000066,#000040
35,28,0,#000066,#000040
36,28,0,#000066,#000040
37,28,0,#000066,#000040
38,28,0,#000066,#000040
39,28,0,#000066,#000040
0,29,0,#000066,#000040
1,29,0,#000066,#000040
2,29,0,#000066,#000040
3,29,0,#000066,#000040
4,29,0,#000066,#000040
5,29,0,#000066,#000040
6,29,0,#000066,#000040
7,29,0,#000066,#000040
8,29,177,#4D4D4D,#000040
9,29,0,#000066,#000040
10,29,0,#000066,#000040
11,29,0,#000066,#000040
12,29,0,#000066,#000040
13,29,0,#000066,#000040
14,29,32,#004000,#000040
15,29,32,#004000,#000040
16,29,32,#004000,#000040
17,29,32,#004000,#000040
18,29,32,#004000,#000040
19,29,32,#004000,#000040
20,29,32,#004000,#000040
21,29,32,#004000,#000040
22,29,32,#004000,#000040
23,29,32,#004000,#000040
24,29,32,#004000,#000040
25,29,32,#004000,#000040
26,29,32,#004000,#000040
27,29,32,#004000,#000040
28,29,32,#004000,#000040
29,29,0,#000066,#000040
30,29,0,#000066,#000040
31,29,0,#000066,#000040
32,29,0,#000066,#000040
33,29,0,#000066,#000040
34,29,0,#000066,#000040
35,29,0,#000066,#000040
36,29,0,#000066,#000040
37,29,0,#000066,#000040
38,29,0,#000066,#000040
39,29,0,#000066,#000040
0,30,0,#000066,#000040
1,30,0,#000066,#000040
2,30,0,#000066,#000040
3,30,0,#000066,#000040
4,30,0,#000066,#000040
5,30,0,#000066,#000040
6,30,0,#000066,#000040
7,30,177,#4D4D4D,#000040
8,30,177,#4D4D4D,#000040
9,30,177,#4D4D4D,#000040
10,30,0,#000066,#000040
11,30,0,#000066,#000040
12,30,0,#000066,#000040
13,30,0,#000066,#000040
14,30,32,#004000,#000040
15,30,32,#004000,#000040
16,30,32,#004000,#000040
17,30,32,#004000,#000040
18,30,32,#004000,#000040
19,30,32,#004000,#000040
20,30,32,#004000,#000040
21,30,32,#004000,#000040
22,30,32,#004000,#000040
23,30,32,#004000,#000040
24,30,32,#004000,#000040
25,30,32,#004000,#000040
26,30,32,#004000,#000040
27,30,32,#004000,#000040
28,30,32,#004000,#000040
29,30,0,#000066,#000040
30,30,0,#000066,#000040
31,30,0,#000066,#000040
32,30,0,#000066,#000040
33,30,0,#000066,#000040
34,30,0,#000066,#000040
35,30,0,#000066,#000040
36,30,0,#000066,#000040
37,30,0,#000066,#000040
38,30,0,#000066,#000040
39,30,0,#000066,#000040
0,31,0,#000066,#000040
1,31,0,#000066,#000040
2,31,0,#000066,#000040
3,31,0,#000066,#000040
4,31,0,#000066,#000040
5,31,0,#000066,#000040
6,31,177,#333333,#000040
7,31,177,#333333,#000040
8,31,177,#333333,#000040
9,31,177,#333333,#000040
10,31,177,#333333,#000040
11,31,0,#000066,#000040
12,31,0,#000066,#000040
13,31,0,#000066,#000040
14,31,0,#000066,#000040
15,31,0,#000066,#000040
16,31,0,#000066,#000040
17,31,0,#000066,#000040
18,31,0,#000066,#000040
19,31,0,#000066,#000040
20,31,177,#4D4D4D,#000040
21,31,0,#000066,#000040
22,31,0,#000066,#000040
23,31,0,#000066,#000040
24,31,0,#000066,#000040
25,31,0,#000066,#000040
26,31,0,#000066,#000040
27,31,0,#000066,#000040
28,31,0,#000066,#000040
29,31,0,#000066,#000040
30,31,0,#000066,#000040
31,31,0,#000066,#000040
32,31,0,#000066,#000040
33,31,0,#000066,#000040
34,31,0,#000066,#000040
35,31,0,#000066,#000040
36,31,0,#000066,#000040
37,31,0,#000066,#000040
38,31,0,#000066,#000040
39,31,0,#000066,#000040
0,32,0,#000066,#000040
1,32,0,#000066,#000040
2,32,0,#000066,#000040
3,32,0,#000066,#000040
4,32,0,#000066,#000040
5,32,177,#333333,#000040
6,32,177,#333333,#000040
7,32,177,#333333,#000040
8,32,177,#333333,#000040
9,32,177,#333333,#000040
10,32,177,#333333,#000040
11,32,177,#333333,#000040
12,32,0,#000066,#000040
13,32,0,#000066,#000040
14,32,0,#000066,#000040
15,32,0,#000066,#000040
16,32,0,#000066,#000040
17,32,0,#000066,#000040
18,32,0,#000066,#000040
19,32,177,#4D4D4D,#000040
20,32,177,#4D4D4D,#000040
21,32,177,#4D4D4D,#000040
22,32,0,#000066,#000040
23,32,0,#000066,#000040
24,32,0,#000066,#000040
25,32,0,#000066,#000040
26,32,0,#000066,#000040
27,32,0,#000066,#000040
28,32,0,#000066,#000040
29,32,0,#000066,#000040
30,32,0,#000066,#000040
31,32,0,#000066,#000040
32,32,0,#000066,#000040
33,32,0,#000066,#000040
34,32,0,#000066,#000040
35,32,0,#000066,#000040
36,32,0,#000066,#000040
37,32,0,#000066,#000040
38,32,0,#000066,#000040
39,32,0,#000066,#000040
0,33,0,#000066,#000040
1,33,0,#000066,#000040
2,33,0,#000066,#000040
3,33,0,#000066,#000040
4,33,177,#333333,#000040
5,33,177,#333333,#000040
6,33,177,#333333,#000040
7,33,177,#333333,#000040
8,33,177,#333333,#000040
9,33,177,#333333,#000040
10,33,177,#333333,#000040
11,33,177,#333333,#000040
12,33,177,#333333,#000040
13,33,0,#000066,#000040
14,33,0,#000066,#000040
15,33,0,#000066,#000040
16,33,0,#000066,#000040
17,33,0,#000066,#000040
18,33,177,#333333,#000040
19,33,177,#333333,#000040
20,33,177,#333333,#000040
21,33,177,#333333,#000040
22,33,177,#333333,#000040
23,33,0,#000066,#000040
24,33,0,#000066,#000040
25,33,0,#000066,#000040
26,33,0,#000066,#000040
27,33,0,#000066,#000040
28,33,0,#000066,#000040
29,33,0,#000066,#000040
30,33,0,#000066,#000040
31,33,0,#000066,#000040
32,33,0,#000066,#000040
33,33,0,#000066,#000040
34,33,0,#000066,#000040
35,33,0,#000066,#000040
36,33,0,#000066,#000040
37,33,0,#000066,#000040
38,33,0,#000066,#000040
39,33,0,#000066,#000040
0,34,177,#004000,#000040
1,34,177,#004000,#000040
2,34,177,#004000,#000040
3,34,177,#004000,#000040
4,34,177,#004000,#000040
5,34,177,#004000,#000040
6,34,177,#004000,#000040
7,34,177,#004000,#000040
8,34,177,#004000,#000040
9,34,177,#004000,#000040
10,34,177,#004000,#000040
11,34,177,#004000,#000040
12,34,177,#004000,#000040
13,34,177,#004000,#000040
14,34,177,#004000,#000040
15,34,177,#004000,#000040
16,34,177,#004000,#000040
17,34,177,#004000,#000040
18,34,177,#004000,#000040
19,34,177,#004000,#000040
20,34,177,#004000,#000040
21,34,177,#004000,#000040
22,34,177,#004000,#000040
23,34,177,#004000,#000040
24,34,177,#004000,#000040
25,34,177,#004000,#000040
26,34,177,#004000,#000040
27,34,177,#004000,#000040
28,34,177,#004000,#000040
29,34,177,#004000,#000040
30,34,177,#004000,#000040
31,34,177,#004000,#000040
32,34,177,#004000,#000040
33,34,177,#004000,#000040
34,34,177,#004000,#000040
35,34,177,#004000,#000040
36,34,177,#004000,#000040
37,34,177,#004000,#000040
38,34,177,#004000,#000040
39,34,177,#004000,#000040
0,35,177,#004000,#000040
1,35,177,#004000,#000040
2,35,177,#004000,#000040
3,35,177,#004000,#000040
4,35,177,#004000,#000040
5,35,177,#004000,#000040
6,35,177,#004000,#000040
7,35,177,#004000,#000040
8,35,177,#004000,#000040
9,35,177,#004000,#000040
10,35,177,#004000,#000040
11,35,177,#004000,#000040
12,35,177,#004000,#000040
13,35,177,#004000,#000040
14,35,177,#004000,#000040
15,35,177,#004000,#000040
16,35,177,#004000,#000040
17,35,177,#004000,#000040
18,35,177,#004000,#000040
19,35,177,#004000,#000040
20,35,177,#004000,#000040
21,35,177,#004000,#000040
22,35,177,#004000,#000040
23,35,177,#004000,#000040
24,35,177,#004000,#000040
25,35,177,#004000,#000040
26,35,177,#004000,#000040
27,35,177,#004000,#000040
28,35,177,#004000,#000040
29,35,177,#004000,#000040
30,35,177,#004000,#000040
31,35,177,#004000,#000040
32,35,177,#004000,#000040
33,35,177,#004000,#000040
34,35,177,#004000,#000040
35,35,177,#004000,#000040
36,35,177,#004000,#000040
37,35,177,#004000,#000040
38,35,177,#004000,#000040
39,35,177,#004000,#000040
0,36,177,#004000,#000040
1,36,177,#004000,#000040
2,36,177,#004000,#000040
3,36,177,#004000,#000040
4,36,177,#004000,#000040
5,36,177,#004000,#000040
6,36,177,#004000,#000040
7,36,177,#004000,#000040
8,36,177,#004000,#000040
9,36,177,#004000,#000040
10,36,177,#004000,#000040
11,36,177,#004000,#000040
12,36,177,#004000,#000040
13,36,177,#004000,#000040
14,36,177,#004000,#000040
15,36,177,#004000,#000040
16,36,177,#004000,#000040
17,36,177,#004000,#000040
18,36,177,#004000,#000040
19,36,177,#004000,#000040
20,36,177,#004000,#000040
21,36,177,#004000,#000040
22,36,177,#004000,#000040
23,36,177,#004000,#000040
24,36,177,#004000,#000040
25,36,177,#004000,#000040
26,36,177,#004000,#000040
27,36,177,#004000,#000040
28,36,177,#004000,#000040
29,36,177,#004000,#000040
30,36,177,#004000,#000040
31,36,177,#004000,#000040
32,36,177,#004000,#000040
33,36,177,#004000,#000040
34,36,177,#004000,#000040
35,36,177,#004000,#000040
36,36,177,#004000,#000040
37,36,177,#004000,#000040
38,36,177,#004000,#000040
39,36,177,#004000,#000040
0,37,177,#004000,#000040
1,37,177,#004000,#000040
2,37,177,#004000,#000040
3,37,177,#004000,#000040
4,37,177,#004000,#000040
5,37,177,#004000,#000040
6,37,177,#004000,#000040
7,37,177,#004000,#000040
8,37,177,#004000,#000040
9,37,177,#004000,#000040
10,37,177,#004000,#000040
11,37,177,#004000,#000040
12,37,177,#004000,#000040
13,37,177,#004000,#000040
14,37,177,#004000,#000040
15,37,177,#004000,#000040
16,37,177,#004000,#000040
17,37,177,#004000,#000040
18,37,177,#004000,#000040
19,37,177,#004000,#000040
20,37,177,#004000,#000040
21,37,177,#004000,#000040
22,37,177,#004000,#000040
23,37,177,#004000,#000040
24,37,177,#004000,#000040
25,37,177,#004000,#000040
26,37,177,#004000,#000040
27,37,177,#004000,#000040
28,37,177,#004000,#000040
29,37,177,#004000,#000040
30,37,177,#004000,#000040
31,37,177,#004000,#000040
32,37,177,#004000,#000040
33,37,177,#004000,#000040
34,37,177,#004000,#000040
35,37,177,#004000,#000040
36,37,177,#004000,#000040
37,37,177,#004000,#000040
38,37,177,#004000,#000040
39,37,177,#004000,#000040
0,38,177,#004000,#000040
1,38,177,#004000,#000040
2,38,177,#004000,#000040
3,38,177,#004000,#000040
4,38,177,#004000,#000040
5,38,177,#004000,#000040
6,38,177,#004000,#000040
7,38,177,#004000,#000040
8,38,177,#004000,#000040
9,38,177,#004000,#000040
10,38,177,#004000,#000040
11,38,177,#004000,#000040
12,38,177,#004000,#000040
13,38,177,#004000,#000040
14,38,177,#004000,#000040
15,38,177,#004000,#000040
16,38,177,#004000,#000040
17,38,177,#004000,#000040
18,38,177,#004000,#000040
19,38,177,#004000,#000040
20,38,177,#004000,#000040
21,38,177,#004000,#000040
22,38,177,#004000,#000040
23,38,177,#004000,#000040
24,38,177,#004000,#000040
25,38,177,#004000,#000040
26,38,177,#004000,#000040
27,38,177,#004000,#000040
28,38,177,#004000,#000040
29,38,177,#004000,#000040
30,38,177,#004000,#000040
31,38,177,#004000,#000040
32,38,177,#004000,#000040
33,38,177,#004000,#000040
34,38,177,#004000,#000040
35,38,177,#004000,#000040
36,38,177,#004000,#000040
37,38,177,#004000,#000040
38,38,177,#004000,#000040
39,38,177,#004000,#000040
0,39,177,#004000,#000040
1,39,177,#004000,#000040
2,39,177,#004000,#000040
3,39,177,#004000,#000040
4,39,177,#004000,#000040
5,39,177,#004000,#000040
6,39,177,#004000,#000040
7,39,177,#004000,#000040
8,39,177,#004000,#000040
9,39,177,#004000,#000040
10,39,177,#004000,#000040
11,39,177,#004000,#000040
12,39,177,#004000,#000040
13,39,177,#004000,#000040
14,39,177,#004000,#000040
15,39,177,#004000,#000040
16,39,177,#004000,#000040
17,39,177,#004000,#000040
18,39,177,#004000,#000040
19,39,177,#004000,#000040
20,39,177,#004000,#000040
21,39,177,#004000,#000040
22,39,177,#004000,#000040
23,39,177,#004000,#000040
24,39,177,#004000,#000040
25,39,177,#004000,#000040
26,39,177,#004000,#000040
27,39,177,#004000,#000040
28,39,177,#004000,#000040
29,39,177,#004000,#000040
30,39,177,#004000,#000040
31,39,177,#004000,#000040
32,39,177,#004000,#000040
33,39,177,#004000,#000040
34,39,177,#004000,#000040
35,39,177,#004000,#000040
36,39,177,#004000,#000040
37,39,177,#004000,#000040
38,39,177,#004000,#000040
39,39,177,#004000,#000040